frci,Band_2,Band_3,Band_4,Band_5,Band_6,Band_7
0.019492,0.093273,0.079362,0.066996,0.271196,0.234438,0.128259
0.085467,0.092572,0.081744,0.061221,0.310389,0.214525,0.106313
0.000725,0.100535,0.093348,0.084056,0.304079,0.295328,0.168134
0.013278,0.097427,0.090024,0.069827,0.338991,0.264674,0.137808
0.046152,0.089246,0.079325,0.049438,0.390353,0.201599,0.088874
0.066577,0.090057,0.077297,0.050044,0.351064,0.192095,0.085383
0.045232,0.094471,0.080814,0.061929,0.302765,0.212083,0.110236
0.024268,0.091471,0.085782,0.052196,0.426817,0.230712,0.106758
0.054965,0.09106,0.077784,0.054856,0.321479,0.194017,0.092748
0.016842,0.089411,0.079107,0.059725,0.297967,0.173553,0.084258
0.067282,0.092864,0.084274,0.056302,0.37063,0.214544,0.099804
0.002853,0.098823,0.084607,0.078831,0.244824,0.26117,0.15263
0.046882,0.093393,0.083462,0.05503,0.378048,0.230155,0.106706
0.023692,0.099622,0.092935,0.079727,0.342247,0.287988,0.158276
0.056525,0.091329,0.080661,0.053389,0.360935,0.209784,0.094486
0.008108,0.086969,0.071393,0.043222,0.342215,0.166311,0.071144
0.07564,0.087943,0.073158,0.055965,0.251864,0.132137,0.069846
0.012047,0.090701,0.085854,0.0512,0.419854,0.212652,0.092642
0.058047,0.097543,0.080095,0.073548,0.238241,0.230659,0.150207
0.034888,0.094585,0.085041,0.062641,0.352649,0.230306,0.116218
0.069316,0.088981,0.077067,0.051172,0.362013,0.180624,0.080045
0.057789,0.09363,0.085003,0.060888,0.404896,0.235193,0.117764
0.017375,0.092852,0.087616,0.058425,0.362445,0.221915,0.101828
0.080084,0.099099,0.091129,0.085768,0.280352,0.204741,0.116314
0.008677,0.087869,0.074509,0.046285,0.355198,0.173956,0.074576
0.012751,0.101956,0.091763,0.081289,0.298411,0.253404,0.173253
0.06492,0.089947,0.075006,0.051816,0.288929,0.183885,0.086986
0.054502,0.095044,0.086106,0.059643,0.362481,0.23645,0.112019
0,0.099382,0.089137,0.079335,0.288038,0.236145,0.133857
0.039612,0.096292,0.089216,0.068374,0.340862,0.254149,0.131654
0.055068,0.094471,0.08374,0.061799,0.320974,0.235489,0.118045
0.097344,0.090557,0.075767,0.045476,0.342996,0.170137,0.069432
0.081425,0.090551,0.078368,0.058903,0.303942,0.191048,0.096192
0.003128,0.090765,0.079378,0.052709,0.323709,0.187276,0.089505
0.078299,0.105238,0.09643,0.096381,0.248771,0.227004,0.13892
0.084476,0.090276,0.082323,0.048099,0.393373,0.186219,0.076576
0.017472,0.100498,0.085903,0.077681,0.266073,0.192092,0.109184
0.076599,0.090772,0.083408,0.053129,0.381258,0.213355,0.097839
0.032781,0.094216,0.085936,0.058819,0.368468,0.216757,0.099789
0.04672,0.092121,0.082787,0.054126,0.369855,0.208336,0.093276
0.092853,0.100146,0.084113,0.079772,0.227233,0.222837,0.143346
0.022826,0.098922,0.091729,0.081806,0.319148,0.278006,0.154786
0.09602,0.099348,0.083394,0.08404,0.199667,0.245971,0.169446
0.054391,0.093684,0.084973,0.057999,0.374911,0.234184,0.110096
0.033089,0.094354,0.08291,0.062282,0.30034,0.231264,0.116651
0.076914,0.093045,0.078195,0.058345,0.280153,0.165092,0.086105
0.038206,0.092508,0.081627,0.057596,0.29966,0.220883,0.107781
0.089011,0.097058,0.084005,0.076646,0.26056,0.22552,0.132861
0.064827,0.090948,0.086169,0.052471,0.413455,0.224322,0.100385
0.028158,0.092457,0.083305,0.059521,0.319919,0.222218,0.108661
0.090133,0.092386,0.085162,0.05821,0.372656,0.226594,0.103754
0.100439,0.093901,0.082952,0.05926,0.352132,0.225574,0.107891
0.179442,0.091188,0.078501,0.047559,0.406429,0.173502,0.069477
0.105414,0.093008,0.076276,0.059466,0.256063,0.206288,0.10532
0.162126,0.08968,0.079541,0.051017,0.368795,0.203863,0.091714
0.132974,0.092928,0.085234,0.05838,0.400692,0.23464,0.108698
0.192676,0.090766,0.075662,0.046211,0.345022,0.166468,0.06849
0.151409,0.091992,0.082494,0.057393,0.344703,0.216118,0.099901
0.140592,0.101047,0.085659,0.06729,0.27942,0.203604,0.113324
0.11921,0.091368,0.081692,0.054582,0.336383,0.219772,0.103586
0.159367,0.086072,0.07108,0.043472,0.322008,0.163269,0.071274
0.102975,0.093585,0.07963,0.059944,0.325498,0.19559,0.092798
0.114021,0.088529,0.075807,0.04713,0.348797,0.182642,0.079184
0.146251,0.090295,0.078111,0.05043,0.350775,0.185438,0.083388
0.184416,0.089387,0.076815,0.049476,0.334843,0.182943,0.080655
0.127046,0.100913,0.083821,0.086654,0.202089,0.231809,0.159963
0.107006,0.091798,0.085361,0.055042,0.42365,0.226386,0.102862
0.13679,0.09085,0.078396,0.048135,0.400931,0.184346,0.074551
0.106988,0.094159,0.079623,0.065628,0.265932,0.21652,0.120245
0.189568,0.096345,0.077956,0.056796,0.287723,0.169777,0.076627
0.104049,0.096179,0.082291,0.069857,0.257215,0.17437,0.100636
0.118103,0.085355,0.072998,0.042591,0.357026,0.159039,0.065433
0.188412,0.087614,0.072986,0.051354,0.281857,0.145966,0.069426
0.167257,0.090275,0.074622,0.045617,0.344531,0.169226,0.069046
0.130467,0.090946,0.081027,0.056009,0.351473,0.21931,0.106325
0.158134,0.089921,0.072439,0.056942,0.253385,0.138889,0.076573
0.137056,0.098502,0.08404,0.063157,0.315247,0.198951,0.094936
0.112916,0.091258,0.083159,0.052597,0.391058,0.216675,0.099176
0.108233,0.098625,0.085526,0.080725,0.266216,0.280635,0.163683
0.138527,0.098777,0.087463,0.082414,0.239291,0.208893,0.124668
0.183597,0.08988,0.077472,0.052407,0.319143,0.178279,0.084711
0.199958,0.093144,0.080384,0.059897,0.344218,0.208691,0.098101
0.185305,0.091317,0.078842,0.055995,0.31499,0.206919,0.099679
0.110814,0.100463,0.086668,0.075677,0.286192,0.204358,0.113794
0.116549,0.098037,0.08245,0.078731,0.220558,0.214009,0.131027
0.14125,0.105362,0.093087,0.081067,0.280763,0.195161,0.121176
0.151048,0.091317,0.075191,0.046279,0.33895,0.164991,0.067767
0.143982,0.09018,0.079564,0.052478,0.364521,0.206051,0.092676
0.186805,0.090323,0.074317,0.045424,0.348646,0.165612,0.067334
0.170529,0.090841,0.075842,0.047139,0.354143,0.170087,0.070813
0.11853,0.088734,0.074967,0.047926,0.324684,0.173481,0.076087
0.160278,0.087019,0.072172,0.044055,0.329872,0.157856,0.066503
0.116679,0.097509,0.085861,0.079736,0.271018,0.239222,0.140077
0.120825,0.089179,0.07548,0.046709,0.337128,0.184306,0.080375
0.16218,0.094254,0.083918,0.058048,0.35536,0.223579,0.105326
0.154866,0.090779,0.074474,0.045742,0.32964,0.160127,0.065434
0.155451,0.086779,0.075158,0.05243,0.307173,0.155518,0.069635
0.111096,0.091824,0.083808,0.054535,0.363345,0.213732,0.098674
0.154701,0.092247,0.077091,0.061141,0.26742,0.16206,0.095349
0.127665,0.091114,0.08251,0.052274,0.417078,0.223135,0.09957
0.181708,0.089202,0.074437,0.047409,0.335907,0.175739,0.077473
0.170067,0.088052,0.074674,0.050361,0.315246,0.17305,0.078617
0.116106,0.10081,0.09302,0.086864,0.277927,0.217438,0.126835
0.187739,0.096548,0.07947,0.057443,0.324516,0.187079,0.086857
0.140827,0.090815,0.080091,0.052591,0.34926,0.208359,0.094898
0.182837,0.090093,0.07724,0.048071,0.382608,0.178457,0.071752
0.14271,0.096023,0.0825,0.073277,0.262811,0.265018,0.153899
0.295519,0.091953,0.07631,0.061076,0.274715,0.21971,0.116293
0.240343,0.099206,0.09042,0.085543,0.257927,0.206752,0.122401
0.262462,0.086726,0.069848,0.046324,0.289331,0.129749,0.05978
0.231117,0.089569,0.077077,0.046016,0.389985,0.172552,0.069841
0.291537,0.090613,0.080089,0.048266,0.357316,0.187369,0.075959
0.276007,0.090946,0.076997,0.052095,0.310496,0.164122,0.072685
0.248239,0.097219,0.081481,0.05997,0.286265,0.158684,0.086134
0.294523,0.092283,0.078947,0.058656,0.315906,0.189686,0.09018
0.278574,0.09281,0.078247,0.059118,0.298339,0.160846,0.080062
0.213151,0.086373,0.070771,0.044202,0.339227,0.160369,0.06739
0.247639,0.085764,0.071101,0.046875,0.30976,0.154796,0.069092
0.249433,0.090254,0.072049,0.043544,0.323193,0.156676,0.063739
0.297796,0.088273,0.071523,0.043492,0.346908,0.167051,0.070925
0.209097,0.090241,0.076017,0.050913,0.323303,0.174104,0.078833
0.221596,0.091742,0.080565,0.061443,0.299308,0.180442,0.094535
0.223883,0.09563,0.082143,0.066431,0.29098,0.198886,0.110801
0.223124,0.088114,0.073146,0.044897,0.31721,0.166506,0.071292
0.204463,0.095932,0.081432,0.070022,0.26223,0.204871,0.118669
0.298987,0.086418,0.067188,0.042016,0.301859,0.138861,0.057641
0.209723,0.090789,0.076997,0.059014,0.309274,0.169353,0.084749
0.269248,0.089891,0.076042,0.046414,0.379434,0.170544,0.068414
0.218854,0.087047,0.072895,0.050389,0.3045,0.161899,0.077011
0.282449,0.086983,0.070492,0.043363,0.313184,0.154893,0.065379
0.294199,0.082777,0.064662,0.040097,0.276112,0.120146,0.048113
0.294989,0.086543,0.071023,0.049302,0.268975,0.135757,0.063118
0.292663,0.089178,0.079026,0.047491,0.359492,0.175854,0.076133
0.210426,0.090229,0.07835,0.050749,0.363192,0.18556,0.082746
0.275066,0.091444,0.076672,0.047595,0.354414,0.173788,0.071124
0.286356,0.0906,0.076657,0.052657,0.299783,0.185843,0.085999
0.287649,0.090983,0.078378,0.050678,0.336362,0.186103,0.082091
0.260093,0.08809,0.071108,0.044551,0.343641,0.167696,0.071818
0.21526,0.094809,0.076653,0.050916,0.302447,0.171741,0.077211
0.222757,0.092346,0.075742,0.049219,0.347664,0.17699,0.074372
0.20938,0.098588,0.08296,0.07212,0.261268,0.209056,0.122501
0.283946,0.093668,0.079696,0.053745,0.322159,0.174266,0.078476
0.206555,0.094043,0.080137,0.059316,0.338231,0.218288,0.106412
0.233918,0.09084,0.073315,0.055525,0.309912,0.182659,0.098347
0.264372,0.092265,0.082981,0.057595,0.380818,0.208694,0.096148
0.259097,0.084424,0.071054,0.040694,0.352953,0.155547,0.061559
0.213916,0.083919,0.068498,0.045234,0.288159,0.137776,0.059685
0.23271,0.092527,0.077618,0.057477,0.305015,0.181297,0.091847
0.287073,0.086131,0.072211,0.046419,0.294022,0.139589,0.061768
0.237982,0.084744,0.069739,0.041729,0.352051,0.157821,0.064014
0.290474,0.08933,0.076867,0.046057,0.352804,0.162515,0.066959
0.205666,0.095156,0.079903,0.058643,0.311399,0.190127,0.089678
0.265126,0.08809,0.07246,0.046848,0.326083,0.147538,0.066501
0.295429,0.088151,0.07324,0.043883,0.34434,0.164284,0.06743
0.265123,0.087071,0.075903,0.043222,0.383697,0.159204,0.0641
0.271814,0.090191,0.076794,0.045821,0.408381,0.175163,0.069647
0.262167,0.089862,0.076939,0.04666,0.395943,0.172977,0.068906
0.221563,0.083424,0.067406,0.039104,0.336986,0.148257,0.059242
0.263586,0.089932,0.074998,0.045992,0.384335,0.160758,0.063976
0.285019,0.089792,0.076196,0.049269,0.354858,0.168871,0.073612
0.236856,0.090146,0.077482,0.046833,0.38437,0.179413,0.072653
0.284725,0.086689,0.071789,0.048226,0.299424,0.148834,0.068931
0.243521,0.089402,0.077013,0.046229,0.39122,0.17585,0.071804
0.26707,0.090198,0.074637,0.044825,0.347433,0.168174,0.06811
0.203141,0.090025,0.07676,0.047391,0.358336,0.172225,0.070868
0.375862,0.089571,0.076557,0.04654,0.346555,0.172364,0.070549
0.350235,0.08778,0.066255,0.041917,0.272656,0.110392,0.04389
0.316388,0.08859,0.073322,0.04443,0.336174,0.154062,0.060607
0.354522,0.090561,0.075767,0.046149,0.343314,0.167247,0.069509
0.341637,0.088526,0.077422,0.047032,0.371899,0.182111,0.074589
0.341191,0.090884,0.08153,0.04845,0.378676,0.182049,0.072119
0.315216,0.089593,0.076084,0.046702,0.331937,0.168045,0.069993
0.326272,0.090182,0.075023,0.051802,0.304292,0.182354,0.083717
0.331177,0.091547,0.076274,0.053688,0.312281,0.193827,0.093498
0.337307,0.090647,0.079337,0.053554,0.37911,0.194177,0.088294
0.364259,0.085733,0.072142,0.043805,0.344882,0.162643,0.067734
0.375307,0.090506,0.073636,0.047226,0.307692,0.155967,0.064551
0.378299,0.086862,0.067531,0.042461,0.275781,0.117582,0.049117
0.358056,0.093609,0.075557,0.049831,0.323867,0.168675,0.072686
0.336237,0.084348,0.070828,0.045155,0.312694,0.141817,0.059781
0.314031,0.086903,0.073226,0.047571,0.324694,0.169996,0.075404
0.391502,0.092602,0.077304,0.055031,0.351719,0.186219,0.082701
0.361103,0.085028,0.069595,0.047802,0.2668,0.130099,0.058057
0.385729,0.089636,0.074187,0.046456,0.348472,0.170716,0.070123
0.319607,0.090042,0.076816,0.046875,0.40198,0.170808,0.067558
0.392888,0.087992,0.07308,0.043705,0.371092,0.165336,0.066532
0.391074,0.088817,0.075035,0.045138,0.365404,0.15769,0.064479
0.37059,0.086877,0.070655,0.044838,0.332394,0.154159,0.063235
0.31317,0.082148,0.063693,0.037319,0.303502,0.133463,0.053982
0.352931,0.088713,0.073821,0.045323,0.35165,0.159576,0.066626
0.301414,0.090412,0.07289,0.044746,0.321826,0.157977,0.063885
0.316672,0.083321,0.066572,0.041201,0.311283,0.119168,0.046211
0.343955,0.087966,0.074393,0.047074,0.33394,0.171158,0.074366
0.366152,0.089469,0.07638,0.046467,0.382234,0.170115,0.067807
0.340299,0.086733,0.074049,0.045889,0.351461,0.163194,0.069173
0.309216,0.095419,0.080738,0.063107,0.318422,0.204083,0.111958
0.337727,0.091285,0.075062,0.055723,0.325107,0.161112,0.076508
0.318047,0.090596,0.074852,0.052852,0.299398,0.149724,0.071587
0.377384,0.092334,0.074827,0.057253,0.291953,0.147307,0.068974
0.356029,0.090314,0.079037,0.049875,0.329466,0.177885,0.07568
0.342652,0.082407,0.066952,0.039763,0.314413,0.135408,0.055109
0.307226,0.087072,0.074297,0.048159,0.32996,0.163178,0.072856
0.358558,0.088039,0.072804,0.043371,0.360698,0.158967,0.063453
0.326031,0.082031,0.065104,0.039248,0.288333,0.121598,0.048049
0.304951,0.087663,0.071253,0.05095,0.266183,0.127483,0.061502
0.314548,0.088936,0.076386,0.046037,0.409802,0.180571,0.071178
0.305574,0.086303,0.072506,0.042378,0.372569,0.155609,0.060368
0.308222,0.090936,0.075677,0.053845,0.289437,0.16004,0.080421
0.374105,0.09023,0.078526,0.047022,0.373354,0.17097,0.069746
0.325956,0.085374,0.071471,0.047132,0.277913,0.123502,0.054993
0.324147,0.093473,0.077662,0.047679,0.35522,0.166801,0.068506
0.301209,0.088225,0.074986,0.044394,0.387433,0.169764,0.068547
0.369243,0.091304,0.079196,0.046149,0.349914,0.168731,0.069704
0.334504,0.091159,0.077199,0.050987,0.350159,0.192878,0.088535
0.399322,0.092266,0.075258,0.050135,0.325705,0.16323,0.074192
0.336259,0.09107,0.077367,0.046255,0.360155,0.178789,0.074786
0.385144,0.089739,0.079087,0.04718,0.360997,0.168385,0.071208
0.311599,0.093414,0.076274,0.048304,0.338579,0.171179,0.072041
0.309982,0.090596,0.075761,0.050887,0.351353,0.181837,0.080033
0.338944,0.088892,0.074204,0.047902,0.363178,0.167323,0.069233
0.494078,0.083816,0.067307,0.041465,0.312178,0.128261,0.050876
0.402338,0.088596,0.073125,0.044023,0.342339,0.149704,0.06028
0.403124,0.084125,0.069379,0.043253,0.324649,0.161656,0.068813
0.465784,0.08353,0.066701,0.042645,0.253161,0.113019,0.048011
0.48102,0.082846,0.06545,0.037776,0.286842,0.117996,0.04697
0.472467,0.09359,0.078202,0.050505,0.304837,0.16176,0.070374
0.471135,0.08488,0.069867,0.044514,0.279856,0.115376,0.046715
0.485152,0.083985,0.068868,0.041037,0.310295,0.121525,0.045871
0.495781,0.087079,0.074741,0.043171,0.403233,0.168726,0.066812
0.447606,0.08782,0.070597,0.04636,0.334616,0.15689,0.065166
0.483023,0.087301,0.072867,0.044145,0.360885,0.161556,0.064795
0.427568,0.091889,0.07669,0.0505,0.331237,0.179875,0.076878
0.470583,0.084981,0.069643,0.046246,0.26984,0.117975,0.050694
0.47038,0.082844,0.065296,0.040369,0.294813,0.120298,0.047452
0.482756,0.084293,0.068766,0.04603,0.251027,0.120193,0.053022
0.440119,0.085372,0.071062,0.044954,0.298754,0.121659,0.048834
0.445759,0.091506,0.079513,0.046708,0.352805,0.169422,0.069324
0.452045,0.085411,0.070376,0.043071,0.324678,0.15536,0.064788
0.481698,0.091594,0.077626,0.047022,0.359718,0.183525,0.075454
0.468376,0.089857,0.073378,0.04827,0.357039,0.162912,0.070177
0.420246,0.090208,0.075281,0.051438,0.35548,0.176481,0.076337
0.461385,0.089668,0.076876,0.046314,0.382078,0.168541,0.065953
0.40645,0.087926,0.071677,0.046187,0.324024,0.149297,0.062764
0.443723,0.085759,0.070925,0.045034,0.295151,0.120438,0.049012
0.448228,0.090208,0.076188,0.046704,0.371898,0.158204,0.064807
0.494464,0.08969,0.071344,0.043531,0.302144,0.151331,0.06126
0.400613,0.088579,0.076115,0.052528,0.31767,0.151278,0.076086
0.444489,0.092417,0.076229,0.050435,0.335588,0.171074,0.07452
0.460643,0.083001,0.068035,0.041081,0.335697,0.150963,0.062695
0.490366,0.090298,0.072943,0.045482,0.348837,0.153415,0.060608
0.44063,0.087368,0.074546,0.05248,0.310831,0.156062,0.073877
0.407075,0.082059,0.06319,0.039947,0.253632,0.106245,0.04325
0.414784,0.085179,0.070703,0.045486,0.30482,0.130993,0.054106
0.496654,0.092691,0.07524,0.047325,0.334507,0.157566,0.064897
0.453637,0.086177,0.071263,0.043704,0.33561,0.136127,0.052558
0.463492,0.087596,0.072653,0.043177,0.386188,0.166018,0.065408
0.408017,0.090288,0.078767,0.056283,0.297922,0.162946,0.079587
0.404537,0.083414,0.066822,0.040553,0.317401,0.140029,0.057353
0.424156,0.090068,0.072933,0.045213,0.327497,0.154297,0.062372
0.461865,0.085129,0.070765,0.04291,0.321132,0.131438,0.052221
0.414414,0.085413,0.071716,0.043298,0.326078,0.126693,0.048638
0.438284,0.085724,0.065679,0.040052,0.331617,0.161079,0.065359
0.440479,0.086492,0.072781,0.045391,0.336497,0.16607,0.070368
0.405599,0.084644,0.071654,0.043133,0.354078,0.15987,0.065747
0.443999,0.092916,0.077861,0.050971,0.317247,0.156205,0.06769
0.471627,0.083452,0.067285,0.041278,0.307263,0.130502,0.052217
0.491818,0.086474,0.070888,0.044677,0.319906,0.14486,0.059848
0.403291,0.086379,0.07307,0.044402,0.35191,0.16044,0.063827
0.460687,0.088075,0.071644,0.042875,0.331134,0.139184,0.055344
0.414079,0.084929,0.069241,0.041678,0.341549,0.163454,0.067034
0.480272,0.086261,0.070844,0.047861,0.290228,0.140605,0.063251
0.416495,0.086915,0.071269,0.042924,0.346489,0.156982,0.063086
0.431004,0.089136,0.074562,0.047271,0.360277,0.154267,0.06265
0.461851,0.093025,0.075739,0.047938,0.331364,0.156205,0.064389
0.405831,0.083841,0.067678,0.041084,0.319438,0.142873,0.057138
0.422068,0.084241,0.067636,0.040899,0.319966,0.122364,0.046665
0.560473,0.088428,0.07368,0.050618,0.291949,0.119598,0.052575
0.560475,0.089001,0.071569,0.044126,0.341561,0.140333,0.054726
0.500923,0.083018,0.067207,0.041214,0.274802,0.118453,0.049765
0.549444,0.084366,0.067277,0.041914,0.335014,0.124835,0.047159
0.573658,0.086141,0.068696,0.04094,0.322514,0.133488,0.051686
0.557512,0.082842,0.065308,0.039665,0.298866,0.120188,0.046433
0.519385,0.088873,0.071114,0.042419,0.368241,0.163077,0.064491
0.580711,0.089363,0.074472,0.045315,0.35858,0.164273,0.066059
0.555377,0.083585,0.069171,0.044994,0.265437,0.115098,0.048777
0.573004,0.08952,0.074554,0.044898,0.353589,0.147924,0.059288
0.583027,0.089959,0.076421,0.047304,0.366938,0.172474,0.07232
0.509923,0.084848,0.070763,0.043959,0.317259,0.155622,0.065846
0.53188,0.090186,0.076009,0.050473,0.312927,0.150581,0.066006
0.581403,0.083222,0.064689,0.040367,0.274757,0.113569,0.045086
0.541312,0.082684,0.064765,0.04068,0.299585,0.133164,0.053873
0.546474,0.083925,0.068723,0.041381,0.328523,0.154824,0.06264
0.589065,0.084077,0.067777,0.04195,0.294314,0.11655,0.045744
0.572025,0.085357,0.071246,0.045227,0.313498,0.154042,0.066449
0.550443,0.08984,0.072486,0.043825,0.339207,0.150522,0.059526
0.590434,0.084014,0.068414,0.042335,0.291439,0.112254,0.04396
0.571429,0.088297,0.070814,0.045588,0.302715,0.127561,0.05188
0.578878,0.082892,0.067979,0.041396,0.287062,0.120195,0.04908
0.526769,0.083186,0.066295,0.041747,0.315789,0.149026,0.061084
0.596016,0.092778,0.074005,0.046792,0.335078,0.139777,0.055078
0.581281,0.083322,0.068725,0.042481,0.29757,0.136576,0.056901
0.568316,0.086974,0.071174,0.042276,0.39744,0.16382,0.0639
0.591687,0.081724,0.064436,0.038118,0.255971,0.105103,0.041423
0.586915,0.090193,0.072272,0.04352,0.304856,0.155391,0.063156
0.564014,0.082923,0.066263,0.037725,0.277632,0.116232,0.046985
0.526303,0.081028,0.062407,0.038019,0.277655,0.112974,0.044805
0.587633,0.087899,0.073377,0.044802,0.391198,0.173469,0.069085
0.552261,0.087004,0.073293,0.04388,0.369278,0.154556,0.060809
0.583102,0.090474,0.075587,0.045833,0.365208,0.156086,0.062045
0.598653,0.091843,0.076576,0.057107,0.330093,0.161591,0.077088
0.545343,0.088088,0.074477,0.048127,0.332509,0.168301,0.074247
0.500961,0.09479,0.077735,0.053845,0.280265,0.168466,0.078477
0.558368,0.090624,0.07466,0.044695,0.338571,0.165025,0.066874
0.583682,0.100148,0.080235,0.064215,0.299351,0.171851,0.082323
0.500626,0.093557,0.074335,0.047297,0.333968,0.152164,0.062894
0.554099,0.083399,0.06889,0.043228,0.276603,0.116441,0.049764
0.507799,0.085438,0.07092,0.044247,0.312157,0.150297,0.063373
0.572637,0.081409,0.06465,0.038175,0.269055,0.110635,0.04283
0.502061,0.080799,0.062348,0.037237,0.279578,0.107334,0.041038
0.558254,0.088898,0.072601,0.047732,0.362858,0.1649,0.070905
0.525417,0.084187,0.069864,0.042721,0.298395,0.126759,0.051321
0.595133,0.081735,0.065406,0.039066,0.281419,0.112797,0.043756
0.587963,0.09256,0.07199,0.048496,0.347487,0.172081,0.070187
0.532,0.088707,0.075756,0.044505,0.366873,0.152648,0.059357
0.576232,0.082881,0.067662,0.040419,0.325615,0.1373,0.05544
0.507047,0.09066,0.074842,0.045418,0.343209,0.182372,0.074829
0.588205,0.084852,0.066983,0.045795,0.228933,0.122042,0.057599
0.520513,0.090247,0.073514,0.048101,0.317078,0.147879,0.064322
0.57139,0.083543,0.06823,0.041009,0.282289,0.118901,0.046559
0.512866,0.089278,0.074355,0.046175,0.353115,0.155037,0.062009
0.566431,0.087845,0.070965,0.044344,0.329408,0.132978,0.053956
0.560002,0.087689,0.073556,0.044705,0.353304,0.149458,0.05988
0.597508,0.086636,0.071421,0.046773,0.302245,0.133106,0.060591
0.64825,0.084596,0.064262,0.037872,0.309474,0.13425,0.05203
0.625035,0.082407,0.064509,0.039272,0.293931,0.111384,0.042485
0.650535,0.083163,0.065994,0.039671,0.327367,0.124861,0.047513
0.617962,0.093007,0.079081,0.050175,0.327428,0.15375,0.065592
0.691542,0.082235,0.065687,0.040259,0.272562,0.108147,0.041738
0.632055,0.08409,0.067792,0.044196,0.28379,0.131251,0.056063
0.659637,0.08598,0.072037,0.045981,0.315214,0.136819,0.057161
0.653873,0.084118,0.067453,0.041801,0.314423,0.131138,0.053452
0.625419,0.091601,0.072135,0.046528,0.324917,0.125556,0.049553
0.664484,0.082676,0.063826,0.038791,0.296668,0.113217,0.043881
0.655569,0.082811,0.066169,0.039954,0.292902,0.128925,0.052025
0.667297,0.083433,0.06563,0.043288,0.251239,0.107649,0.046198
0.603966,0.088701,0.073736,0.044821,0.354338,0.157371,0.062621
0.66003,0.086692,0.071837,0.05124,0.287981,0.146076,0.068689
0.692498,0.081912,0.06283,0.039301,0.260298,0.114713,0.047135
0.68028,0.083045,0.06513,0.039233,0.289664,0.122541,0.048772
0.693883,0.089074,0.071552,0.044347,0.322239,0.127894,0.051452
0.627478,0.090577,0.073646,0.059616,0.245279,0.182817,0.105022
0.638329,0.082832,0.065013,0.040566,0.282736,0.120797,0.048294
0.67855,0.081578,0.064428,0.038821,0.271516,0.109396,0.041783
0.697918,0.096627,0.081822,0.061401,0.278066,0.14979,0.083115
0.687109,0.090206,0.071474,0.046244,0.31186,0.146113,0.060181
0.654758,0.089868,0.073699,0.043789,0.35078,0.163533,0.066478
0.640811,0.08734,0.070623,0.043483,0.364785,0.140037,0.05449
0.697878,0.082385,0.065974,0.039678,0.285058,0.132714,0.054798
0.698189,0.089287,0.071485,0.048452,0.278747,0.115152,0.051709
0.652897,0.087951,0.071446,0.045143,0.361269,0.15935,0.067877
0.69297,0.083499,0.067485,0.040786,0.285422,0.112144,0.042545
0.623492,0.085381,0.070885,0.046411,0.312854,0.142711,0.060236
0.628786,0.093733,0.079254,0.055482,0.333024,0.164142,0.079813
0.666667,0.087334,0.071287,0.044189,0.352466,0.150423,0.060609
0.667863,0.082083,0.065617,0.039351,0.315809,0.117449,0.044424
0.609184,0.091892,0.074144,0.045739,0.359824,0.165648,0.067659
0.619267,0.091403,0.073399,0.045579,0.347446,0.163729,0.06702
0.697514,0.089704,0.076787,0.04831,0.392723,0.1647,0.066104
0.691516,0.084717,0.067787,0.043099,0.319839,0.143365,0.059743
0.697585,0.082588,0.067574,0.040136,0.316368,0.145692,0.059687
0.648884,0.092434,0.073642,0.048258,0.326101,0.153351,0.061688
0.620548,0.084453,0.067457,0.041463,0.312791,0.132166,0.052591
0.644365,0.082987,0.062329,0.039185,0.269295,0.109282,0.042537
0.642468,0.084091,0.070365,0.043528,0.334574,0.155311,0.064473
0.630142,0.094658,0.082609,0.064224,0.280826,0.162461,0.08622
0.607767,0.082437,0.065779,0.040522,0.280007,0.124782,0.050198
0.621118,0.085612,0.070219,0.047119,0.308465,0.142566,0.062428
0.686817,0.090707,0.070519,0.044743,0.299206,0.130744,0.051503
0.651222,0.091557,0.076603,0.046932,0.382199,0.157943,0.061941
0.664059,0.088615,0.074445,0.044214,0.40369,0.172246,0.06712
0.662711,0.086636,0.069047,0.042165,0.318748,0.135954,0.052973
0.605704,0.092556,0.076038,0.048832,0.372612,0.170839,0.071263
0.658328,0.083575,0.065903,0.039964,0.313815,0.124879,0.048987
0.641529,0.082767,0.064167,0.041026,0.28594,0.117527,0.046845
0.649006,0.08455,0.065939,0.042383,0.283484,0.119767,0.04844
0.673077,0.088083,0.073367,0.044165,0.370794,0.1604,0.063974
0.620438,0.081781,0.061886,0.037947,0.243376,0.106188,0.043921
0.622085,0.093806,0.077441,0.052517,0.314172,0.168182,0.072856
0.609268,0.084648,0.068531,0.039974,0.302512,0.124708,0.049141
0.675497,0.087821,0.070964,0.042123,0.343786,0.145193,0.056807
0.704655,0.084326,0.069006,0.042665,0.332677,0.152124,0.061533
0.78613,0.091006,0.074113,0.045619,0.354993,0.166816,0.068341
0.747967,0.09197,0.075147,0.050189,0.339671,0.131368,0.054051
0.798209,0.086548,0.068925,0.041722,0.321688,0.132921,0.051607
0.700677,0.091412,0.070906,0.044185,0.340411,0.138081,0.052533
0.703949,0.093163,0.075119,0.047255,0.348344,0.146819,0.056776
0.737521,0.084511,0.065517,0.038674,0.304268,0.126504,0.050066
0.792861,0.089408,0.068169,0.043068,0.319921,0.126706,0.048385
0.792881,0.085816,0.069152,0.041804,0.323648,0.133358,0.051557
0.782016,0.088948,0.071019,0.043925,0.32766,0.129701,0.051054
0.778338,0.087443,0.069662,0.041945,0.343075,0.136796,0.052153
0.736726,0.089729,0.071936,0.046641,0.314169,0.146146,0.062341
0.747541,0.086429,0.068939,0.041961,0.32836,0.136021,0.052633
0.751904,0.086671,0.070962,0.042495,0.384402,0.163584,0.063972
0.754307,0.089552,0.073213,0.046786,0.327682,0.146089,0.061683
0.733697,0.092116,0.073158,0.045888,0.336505,0.13872,0.054496
0.788642,0.089106,0.073115,0.045265,0.323413,0.141814,0.057836
0.79697,0.089559,0.070443,0.044115,0.34001,0.145102,0.057193
0.79406,0.090154,0.074948,0.045262,0.369748,0.150776,0.058562
0.768697,0.086633,0.072497,0.051757,0.267365,0.133709,0.062073
0.767544,0.09048,0.073775,0.046619,0.311309,0.158432,0.067476
0.723722,0.090043,0.073987,0.044463,0.381736,0.182563,0.072391
0.726264,0.089595,0.070494,0.043475,0.326976,0.12716,0.04781
0.742955,0.088534,0.071551,0.046328,0.369113,0.155175,0.064259
0.71994,0.087132,0.074685,0.044396,0.385859,0.167096,0.066443
0.712141,0.086766,0.071231,0.041675,0.323054,0.135839,0.053695
0.773616,0.086786,0.068992,0.045913,0.289216,0.111398,0.046739
0.781268,0.091424,0.071076,0.048677,0.28986,0.164981,0.071818
0.749567,0.088579,0.072374,0.044058,0.355642,0.14383,0.056897
0.707242,0.091101,0.070135,0.045518,0.313012,0.137116,0.055992
0.730216,0.087505,0.069598,0.044825,0.335498,0.148826,0.063817
0.765087,0.091902,0.072188,0.045577,0.336558,0.142138,0.054254
0.794187,0.082533,0.066622,0.040029,0.299184,0.122373,0.047926
0.703087,0.090556,0.074579,0.046404,0.369005,0.152973,0.061078
0.770935,0.086007,0.067296,0.03952,0.342025,0.134333,0.050523
0.778381,0.088727,0.073381,0.043979,0.355278,0.145946,0.057723
0.797429,0.083385,0.065873,0.038069,0.276908,0.118409,0.046615
0.751882,0.086592,0.068454,0.040604,0.310862,0.126442,0.048345
0.707536,0.088597,0.072298,0.043004,0.363219,0.149929,0.059304
0.737209,0.092606,0.072671,0.046692,0.333373,0.140947,0.056101
0.796943,0.084458,0.068562,0.041483,0.327529,0.148833,0.060484
0.758303,0.092507,0.074998,0.052371,0.306782,0.160505,0.078601
0.731621,0.082381,0.064667,0.039735,0.258701,0.10626,0.042222
0.744048,0.091756,0.076422,0.053596,0.300439,0.152212,0.072445
0.726648,0.092969,0.072974,0.049134,0.288996,0.155447,0.071103
0.776102,0.090436,0.068141,0.042901,0.289454,0.125752,0.049045
0.78708,0.082416,0.064455,0.039509,0.290976,0.10599,0.040088
0.742393,0.082819,0.066279,0.040835,0.262779,0.112432,0.045253
0.770558,0.085076,0.071034,0.043513,0.333382,0.142448,0.057604
0.774397,0.092811,0.075236,0.058964,0.238319,0.11921,0.06667
0.754742,0.081587,0.063915,0.039013,0.26989,0.112214,0.043575
0.733604,0.084421,0.070123,0.0442,0.298709,0.150104,0.065175
0.723252,0.088055,0.073445,0.042609,0.333715,0.140701,0.054986
0.762368,0.081186,0.064978,0.039021,0.274504,0.108686,0.042568
0.760063,0.090844,0.071662,0.045671,0.315087,0.126904,0.050858
0.792749,0.086865,0.070062,0.041286,0.32635,0.128509,0.049641
0.717985,0.08254,0.066785,0.040654,0.27587,0.115099,0.046349
0.882805,0.089358,0.070434,0.042991,0.332461,0.15203,0.057836
0.860019,0.082141,0.063182,0.038118,0.29224,0.106716,0.039877
0.860679,0.092634,0.072714,0.053143,0.307416,0.165771,0.071315
0.820068,0.085267,0.067108,0.038739,0.290806,0.12132,0.046067
0.854676,0.083203,0.064013,0.039719,0.289299,0.113521,0.043712
0.815014,0.083,0.065207,0.039217,0.315283,0.119308,0.043887
0.87037,0.082657,0.064929,0.039085,0.299644,0.114149,0.042811
0.871855,0.090327,0.072856,0.046004,0.340252,0.133789,0.050826
0.820158,0.082548,0.064918,0.038538,0.30847,0.112069,0.041095
0.888775,0.092917,0.07956,0.050979,0.315489,0.168235,0.072598
0.889815,0.090751,0.071091,0.044475,0.338321,0.138058,0.052891
0.834108,0.090017,0.06877,0.045912,0.298505,0.138974,0.05616
0.87326,0.092096,0.075448,0.047908,0.348725,0.142625,0.055549
0.896785,0.091011,0.074482,0.045804,0.343053,0.158904,0.065067
0.861594,0.092974,0.077068,0.050269,0.311073,0.164714,0.071237
0.895696,0.084946,0.066708,0.04009,0.281112,0.117654,0.045841
0.856331,0.088317,0.07245,0.042986,0.340588,0.140067,0.054191
0.859354,0.091446,0.073494,0.048433,0.320697,0.141217,0.058285
0.824674,0.089568,0.072882,0.044218,0.341713,0.14122,0.054867
0.834395,0.089588,0.072629,0.045152,0.354418,0.141523,0.056733
0.864921,0.091442,0.074309,0.046053,0.343045,0.137727,0.053153
0.859436,0.091715,0.079771,0.049073,0.395627,0.156188,0.062498
0.898439,0.085346,0.068664,0.040508,0.29941,0.125171,0.047898
0.859039,0.090157,0.074258,0.046335,0.365427,0.1591,0.06495
0.874893,0.089463,0.075698,0.05401,0.276345,0.13133,0.062376
0.818757,0.084556,0.066654,0.039327,0.301468,0.126174,0.049594
0.88664,0.091909,0.071259,0.044451,0.338075,0.147856,0.057807
0.87371,0.088619,0.067988,0.042007,0.318267,0.131949,0.049776
0.812664,0.08587,0.069037,0.042218,0.308778,0.139857,0.058158
0.88375,0.089029,0.069372,0.044261,0.296533,0.114932,0.045627
0.866378,0.0877,0.073587,0.044246,0.402331,0.173117,0.067696
0.867839,0.090968,0.070178,0.044336,0.338424,0.131078,0.049867
0.802388,0.089849,0.073634,0.045722,0.34414,0.157364,0.063335
0.850281,0.083162,0.064048,0.039965,0.265806,0.089479,0.031794
0.856495,0.086308,0.071397,0.041551,0.306154,0.126935,0.050106
0.834502,0.082084,0.064773,0.038942,0.248425,0.102039,0.039748
0.823819,0.083775,0.063876,0.038542,0.26389,0.106404,0.041071
0.888339,0.090866,0.068399,0.043919,0.276642,0.120494,0.044753
0.822768,0.0907,0.071466,0.044695,0.342705,0.13055,0.049277
0.85898,0.085908,0.066847,0.040044,0.30712,0.125034,0.047783
0.826744,0.085276,0.067587,0.043951,0.287732,0.115199,0.046451
0.801653,0.089576,0.070606,0.043501,0.328974,0.138958,0.054501
0.856812,0.085556,0.06635,0.039431,0.30179,0.119874,0.046084
0.858335,0.093473,0.076473,0.049048,0.349158,0.164484,0.068973
0.826568,0.087433,0.072214,0.050233,0.25909,0.129425,0.060863
0.874304,0.089806,0.071039,0.04379,0.356168,0.135741,0.051738
0.839382,0.095102,0.076407,0.052221,0.318941,0.166333,0.070703
0.879287,0.087866,0.07318,0.043795,0.338035,0.142516,0.055876
0.818836,0.086185,0.068095,0.040123,0.323945,0.130334,0.04944
0.817986,0.091006,0.072933,0.045866,0.34615,0.159694,0.063241
0.841421,0.09215,0.078613,0.054548,0.331922,0.168923,0.082845
0.82045,0.086039,0.06728,0.040924,0.307562,0.13553,0.0531
0.861487,0.090651,0.070061,0.043362,0.320049,0.12508,0.048977
0.877113,0.083326,0.065576,0.037863,0.271237,0.120592,0.047719
0.879103,0.090527,0.071264,0.044142,0.331994,0.127164,0.047706
0.865422,0.086369,0.067945,0.040335,0.297108,0.127482,0.050527
0.85957,0.091442,0.079691,0.059825,0.303619,0.171567,0.087855
0.880279,0.089891,0.070356,0.043826,0.326586,0.140594,0.05603
0.946309,0.091095,0.074394,0.04639,0.369821,0.154992,0.061256
0.962619,0.0915,0.073602,0.045468,0.356988,0.154662,0.060371
0.904726,0.089056,0.06879,0.042666,0.323337,0.139678,0.054563
0.936691,0.089,0.075014,0.045434,0.364816,0.165397,0.067041
0.965149,0.09101,0.074128,0.045834,0.369222,0.153309,0.060145
0.951748,0.087005,0.074433,0.042149,0.382055,0.179886,0.070054
0.957244,0.091638,0.076276,0.048266,0.366653,0.154953,0.062766
0.954429,0.089171,0.073685,0.046163,0.366368,0.182814,0.073757
0.961786,0.089782,0.070417,0.043366,0.334981,0.131322,0.050199
0.956839,0.090195,0.073334,0.046062,0.355399,0.136785,0.052678
0.91787,0.088705,0.069605,0.042318,0.32546,0.134222,0.050977
0.972813,0.085856,0.068078,0.041848,0.322265,0.139938,0.056572
0.95868,0.091141,0.075432,0.047668,0.364088,0.147004,0.059483
0.907061,0.092611,0.079038,0.050249,0.398246,0.165462,0.064224
0.94331,0.093686,0.075992,0.053993,0.30126,0.14534,0.068724
0.970446,0.090963,0.073415,0.044714,0.365446,0.155546,0.060674
0.930646,0.092172,0.079556,0.048366,0.427263,0.17961,0.071247
0.932802,0.09058,0.070512,0.044743,0.3304,0.12952,0.048532
0.99964,0.088388,0.075299,0.044054,0.384147,0.183674,0.073137
0.945706,0.088457,0.067607,0.040872,0.320006,0.132482,0.050122
0.908693,0.092432,0.072158,0.046446,0.302656,0.132771,0.051845
0.969248,0.089667,0.069275,0.04357,0.30717,0.125957,0.048429
0.946093,0.08614,0.067681,0.040912,0.306948,0.134615,0.053173
0.95155,0.09188,0.0725,0.044793,0.35654,0.139261,0.053036
0.974656,0.086453,0.070543,0.043119,0.343796,0.162645,0.065739
0.926446,0.090256,0.072222,0.044563,0.361864,0.155258,0.061723
0.977747,0.089278,0.07074,0.043381,0.315314,0.126179,0.048483
0.917226,0.084591,0.064893,0.038814,0.29233,0.121948,0.046105
0.978786,0.087682,0.073125,0.043337,0.37327,0.167157,0.066836
0.939868,0.09031,0.071485,0.043627,0.360001,0.161099,0.06407
0.966496,0.090729,0.071199,0.044004,0.346629,0.140922,0.054562
0.940245,0.090231,0.069692,0.04367,0.298382,0.110797,0.042128
0.939044,0.091245,0.074818,0.047549,0.31711,0.136275,0.05652
0.94347,0.080663,0.063576,0.037254,0.299463,0.113181,0.043597
0.963849,0.092177,0.072807,0.044677,0.360722,0.155635,0.060415
0.986756,0.091271,0.073743,0.046955,0.358186,0.146366,0.057353
0.964912,0.089163,0.072424,0.04323,0.329137,0.137357,0.054388
0.948936,0.091098,0.072177,0.046105,0.339056,0.118802,0.043298
0.986357,0.09101,0.071991,0.047884,0.299614,0.134898,0.057984
0.953848,0.089689,0.0697,0.044027,0.324543,0.135535,0.053464
0.924337,0.090155,0.072617,0.044299,0.353178,0.14539,0.054575
0.925889,0.085887,0.066664,0.040439,0.314992,0.125192,0.047217
0.958664,0.088828,0.068775,0.04252,0.326321,0.127804,0.048884
0.906649,0.090142,0.070723,0.043524,0.335956,0.130737,0.048718
0.942443,0.081704,0.062849,0.038333,0.276198,0.105521,0.040451
0.91971,0.089949,0.071314,0.044843,0.336591,0.133233,0.049719
0.964237,0.09207,0.073241,0.045733,0.351099,0.16491,0.068598
0.933555,0.089882,0.07029,0.043583,0.310076,0.122141,0.046395
0.919476,0.090321,0.071438,0.043622,0.357138,0.142778,0.055035
0.911306,0.09327,0.072463,0.046886,0.331982,0.148523,0.062063
0.944089,0.089427,0.06904,0.043658,0.314018,0.125976,0.047857
0.953162,0.090569,0.072089,0.043626,0.363012,0.16036,0.061055
0.903596,0.092993,0.074436,0.046974,0.341115,0.160646,0.06474
0.920998,0.09114,0.072852,0.04437,0.352446,0.16853,0.068701
0.913026,0.08943,0.070353,0.043777,0.333325,0.124877,0.046002
0.912752,0.091459,0.074033,0.047025,0.361595,0.160738,0.065427
0.992285,0.086917,0.07269,0.041289,0.365883,0.169861,0.066563
